Jazmine Nikolaus,+500 (292) 140-3928,749 Stasia View, Galenbury, OH 73660-6002,2014-04-07,1212-1221-1121-1234,georgene@example.net
Marcia Buckridge,+248 1-449-955-6554,Apt. 552 536 Renner Hill, Latonyamouth, IL 30932-9673,1965-03-11,1228-1221-1221-1431,alan_franecki@example.com
Pres. Whitney Sauer,+423 (361) 318-0802,Suite 374 52294 Pfannerstill Burgs, Timshire, MA 97833-8148,1967-08-20,1228-1221-1221-1431,wilbert@example.org
Sirena Batz,+53 560-218-2604,Apt. 733 67390 Zoraida Loop, Padbergburgh, ID 30097,1988-03-09,1234-2121-1221-1211,julianne_murphy@example.org
Enoch Schulist CPA,+855 271-871-1838,Apt. 631 50792 Runte Squares, West Mitzi, FL 52419,1957-02-28,1228-1221-1221-1431,gertrude.macejkovic@example.net
Glenn McLaughlin,+677 (830) 167-8197,25556 Eric Drive, West Brock, NE 22978-8377,1985-04-05,1212-1221-1121-1234,desire.labadie@example.com
The Hon. Alethea Steuber,+692 1-702-218-9766,90575 Ayesha Street, Nicolaschester, OR 84176,2004-06-01,1228-1221-1221-1431,curtis@example.com
Jerilyn Reilly,+599 323.770.6415,14580 Ela Circles, North Daine, OK 98984-5119,1987-01-20,1211-1221-1234-2201,melodee_hilll@example.com
Rev. Daniel Parisian,+221 884-000-6195,3089 Jeffry Trail, Gislasonchester, WY 63231-8187,1962-12-07,1212-1221-1121-1234,carol@example.net
Sammy Hoppe,+375 (630) 271-4291,Suite 125 71179 Jacobi Rest, Hanshire, SD 38525,1943-08-04,1211-1221-1234-2201,logan@example.org
Ms. Liz Kassulke,+358 1-977-529-2788,69689 Ali Spring, Port Paulita, TX 11939,1950-05-22,1211-1221-1234-2201,kim@example.net
Leonel Walker,+247 759.211.6353,64486 Nickolas Expressway, Lindfort, NE 88980-3948,1976-09-12,1212-1221-1121-1234,jefferey_schiller@example.org
Gonzalo Reynolds,+1-876 1-901-661-4947,251 Yong Isle, East Isadora, IN 03826-9969,1991-04-26,1211-1221-1234-2201,ruben@example.net
Eliz O'Reilly DC,+886 562-257-8288,Apt. 319 47311 Altagracia Parks, Edenmouth, HI 60463-3131,1966-01-15,1234-2121-1221-1211,lanita@example.net
Philip Ondricka,+973 102.724.4662,24435 Dicki Center, Jerrellbury, KS 00655-9572,2008-02-13,1212-1221-1121-1234,granville.stroman@example.net
Coreen Muller,+32 465-135-1363,2940 Graham Curve, Cassinchester, WI 18496,1952-04-26,1234-2121-1221-1211,dotty_wunsch@example.com
Celena Crona III,+58 569-473-8855,2829 Christian Roads, Ryanport, NJ 68926-2353,1967-08-20,1228-1221-1221-1431,mariella@example.com
Mr. Louis Bradtke,+374 688.479.3311,8735 Edmond Overpass, Ryanfurt, CA 32845,1971-05-29,1211-1221-1234-2201,lawana@example.net
Glen Mohr,+30 (656) 004-1640,Apt. 851 10003 Wilfred Ville, Priceville, ME 81048-7329,1953-04-13,1228-1221-1221-1431,nathanael@example.net
Beau O'Reilly JD,+976 560.714.1872,Apt. 798 303 Tama Spurs, Lake Sharen, NH 91786,1933-04-12,1228-1221-1221-1431,alejandrina@example.com
Beata Ward,+962 790.579.6732,Apt. 738 8624 Kunde Valleys, North Loganfort, RI 58672-1500,1986-02-12,1212-1221-1121-1234,dominica@example.org
Mr. Scott Prohaska,+968 292-354-8358,91371 Mary Point, North Josefina, MT 78631,1949-11-26,1228-1221-1221-1431,errol@example.com
Naomi Greenholt II,+60 1-487-728-7551,3088 Reynolds Green, East Landon, AR 14090-1422,1958-07-30,1228-1221-1221-1431,rickie@example.org
Ruben Pfannerstill,+33 385.632.1413,Suite 313 28540 Jones Points, Jaysonhaven, AZ 69348-9934,1979-05-15,1212-1221-1121-1234,elvin@example.net
Dian Russel,+41 508-940-9063,Suite 224 794 Hane Summit, East Adan, AZ 70781,1940-06-06,1234-2121-1221-1211,lucio_fisher@example.net
Geraldo Pollich,+855 1-566-656-2341,73324 Wayne Brooks, Willburgh, IL 54435,1975-03-08,1212-1221-1121-1234,louis@example.org
Fidel Rempel,+886 258-696-6932,Suite 340 123 Schmeler Corners, Rennahaven, NH 86513-5494,2019-12-15,1234-2121-1221-1211,gerard@example.org
Asa Bruen Ret.,+230 426-073-8781,Apt. 438 5678 Kiehn Unions, West Johnie, FL 84750,1982-06-24,1234-2121-1221-1211,edmund.swift@example.net
Arianne Bayer Jr.,+809 1-921-933-5979,5192 Leannon Avenue, West Tysonside, MD 18508-0404,2010-10-24,1234-2121-1221-1211,bob_weber@example.net
Sen. Sam Gutmann,+258 378.220.5077,Suite 608 5156 Rippin Meadow, Port Grace, MS 99776,1982-01-19,1234-2121-1221-1211,maira_fisher@example.net
Gov. Jacquelynn Emard,+1-264 501.871.2321,324 Leopoldo Terrace, North Joel, RI 38831,1966-10-30,1211-1221-1234-2201,chrystal_kulas@example.com
Teddy Bernhard,+381 1-982-299-0103,5246 Lang Club, Schneiderstad, KY 70461-6045,1960-05-25,1228-1221-1221-1431,jamar@example.org
Jennefer Mills,+356 (607) 053-9912,Suite 448 52867 Henry Mission, Port Chrystalfort, RI 40816,1987-03-24,1212-1221-1121-1234,retha@example.com
Katerine Douglas,+27 (211) 457-4467,31086 Bode Port, Legrosside, CO 94959,1984-04-27,1228-1221-1221-1431,minh.schulist@example.com
Sen. Johnetta Botsford,+232 900-927-3420,35075 Sherilyn Shoals, Willowborough, LA 99958-6230,1961-03-12,1234-2121-1221-1211,signe_block@example.com
Rema Rowe,+1-758 463.749.8122,1277 Rosamaria Drive, Robbinside, WA 72613-6397,1943-11-30,1211-1221-1234-2201,bula@example.com
Celesta Hills,+229 499-964-1115,4497 Zboncak Village, Whiteville, MN 79383,1969-01-03,1211-1221-1234-2201,rudolf_hartmann@example.org
Gerry Hamill PhD,+58 855-318-9538,7165 McCullough Canyon, Lake Jacqulinebury, TX 78798-3333,1962-10-02,1212-1221-1121-1234,martha@example.com
Ahmad Fadel,+691 1-633-326-5687,Suite 526 70667 Aimee Wall, Port Eugenemouth, WV 45689,1936-06-10,1212-1221-1121-1234,ricky.huels@example.com
Msgr. Pat Barrows,+47 (655) 442-3187,797 Nienow Knoll, New Allison, NV 83669,1984-03-27,1228-1221-1221-1431,nyla@example.net
Peter Hyatt,+809 923.985.1694,409 White Lane, East Vicente, NC 81820-8590,1989-04-24,1212-1221-1121-1234,dirk_marvin@example.net
Maurice Luettgen,+853 1-865-920-7124,Suite 203 3197 Evon View, South Reyna, MN 35831,1969-11-28,1211-1221-1234-2201,rickie.metz@example.com
Bethel Thompson,+47 (624) 783-1135,Apt. 513 70785 Francis Green, Rayfordstad, IA 45775,1953-02-13,1212-1221-1121-1234,wyatt@example.org
Colby Jacobson,+1-670 (609) 341-9751,921 Cortez Meadow, Daltonmouth, RI 81683-4630,1980-06-06,1211-1221-1234-2201,lawana@example.org
Margarite Zboncak,+809 (527) 062-1455,43001 Nickolas Loaf, Marcellusland, KS 80247,1972-07-08,1212-1221-1121-1234,jon_yundt@example.org
Tama Quitzon,+224 190.311.9810,154 McGlynn Alley, Stiedemannmouth, NC 83179,2001-05-02,1211-1221-1234-2201,orval.vandervort@example.com
Alison Franecki V,+258 1-316-416-4677,Apt. 413 58581 Margarito Lock, Lavinastad, MO 45460,2014-08-16,1228-1221-1221-1431,cole@example.org
Samantha Goyette,+84 1-893-621-5787,294 Marks Courts, Hansenton, NH 83682-0961,1997-10-20,1234-2121-1221-1211,alexa@example.org
Abdul Hermiston,+505 1-606-541-9461,Suite 497 66009 Mertz Manors, Port Herb, IL 53686-7072,1979-02-28,1212-1221-1121-1234,kourtney@example.org
Myles Hegmann,+691 1-951-119-8228,Apt. 482 44518 Alfred Street, Sporerstad, CA 87509,2015-10-15,1228-1221-1221-1431,genevie@example.net
Tora Leuschke,+229 1-222-611-3376,49385 Tai Station, North Gregorytown, WI 88567-9406,1991-07-18,1234-2121-1221-1211,valencia_leannon@example.org
Bruno Prohaska Sr.,+596 310.755.9965,Apt. 518 88257 Dooley Plain, Lake Tifanystad, WV 00351-2418,1952-05-24,1211-1221-1234-2201,tanner@example.org
Reagan Kub,+262 544-718-6261,565 Barrows Lights, Blancheburgh, MO 28256-2261,1957-08-28,1228-1221-1221-1431,ila@example.net
Arnette Hahn,+46 1-462-625-2148,Suite 111 444 Lonna Plaza, East Aileneberg, GA 63388-0679,2004-01-30,1212-1221-1121-1234,jim.beahan@example.net
Sen. Harrison Olson,+501 (701) 135-1794,Apt. 406 4240 Augustus Springs, Twanaside, NY 62602-5824,2018-06-19,1228-1221-1221-1431,melba@example.com
Yuko Denesik,+350 (214) 229-9723,Suite 571 743 Hilary Summit, Leonafurt, WV 82623,1956-08-03,1212-1221-1121-1234,joel@example.com
Gov. Demarcus Pagac,+81 1-502-065-4607,1660 Sylvie Alley, Marilouview, NH 85766,1938-05-21,1234-2121-1221-1211,jacque.hilpert@example.com
Brady Kuvalis,+993 (875) 959-2558,3114 Prosacco Garden, Lebsackstad, WV 64323-2566,1941-06-23,1211-1221-1234-2201,tanya.jakubowski@example.net
Antony Bernier,+387 1-166-119-3721,Suite 872 48691 Wolff Place, Joanniemouth, VT 27279,2006-11-20,1212-1221-1121-1234,robbie@example.org
Brandon Feest,+256 1-745-380-9242,149 Leuschke Mills, South Bernadine, SC 09371,2012-10-30,1228-1221-1221-1431,vanessa@example.com
Deidra Runolfsson MD,+674 1-443-939-4821,870 Martin Prairie, East Ernesthaven, IA 44190-2234,1995-10-27,1228-1221-1221-1431,mandi@example.net
Jay Reilly,+996 1-666-655-6620,Suite 274 9872 Zboncak Flats, Anjelicaport, WY 89127-7969,1949-06-04,1211-1221-1234-2201,elijah_rau@example.org
Dexter Dibbert,+850 1-776-506-2798,10213 Clayton Crossroad, Beerton, FL 08555,1991-10-12,1228-1221-1221-1431,anamaria_swaniawski@example.org
Rosemary Koch,+420 1-254-148-6113,Suite 383 245 Billy Cape, North Arturoview, HI 38628-0545,1999-05-15,1211-1221-1234-2201,sherita_heaney@example.net
Mrs. Stuart Bins,+92 555-713-8331,Suite 431 9830 Batz Rue, Joannstad, LA 35368-5165,1972-04-23,1212-1221-1121-1234,alesia.moore@example.com
Ernesto Heidenreich,+41 820.784.2560,Apt. 943 467 Braun Hills, Bartonbury, KS 32849,2006-11-28,1228-1221-1221-1431,charis@example.org
Gov. Keesha Murphy,+234 1-946-192-1028,82931 Andreas Fields, Irisberg, MS 37862-0647,1953-05-15,1211-1221-1234-2201,harlan.price@example.com
Jimmy Kertzmann,+39 1-785-837-2369,Apt. 590 760 Loreta Hollow, Cristobalbury, PA 42444,2017-01-08,1228-1221-1221-1431,roselyn_torphy@example.com
Desire Ziemann,+687 (218) 035-9578,15133 Kessler Crest, Bahringerton, IN 97575,1981-12-06,1228-1221-1221-1431,lindsay@example.com
Heriberto Daniel,+243 1-403-270-5425,93835 Traci Tunnel, Stokesshire, OK 32390-7503,2013-05-19,1211-1221-1234-2201,louanne@example.net
Herbert Hoeger,+45 652-465-9179,Apt. 105 136 Oralee Way, East Brantborough, WI 50441,1998-04-07,1228-1221-1221-1431,corey.oconner@example.com
Dylan Hickle,+1-649 1-953-804-7043,Suite 544 9669 Madalyn Views, South Eloisa, WY 20289,2008-06-15,1212-1221-1121-1234,walter@example.org
Rev. Donovan Wiegand,+376 1-160-711-4327,Apt. 550 70538 Osinski Canyon, West Michealville, DE 28270,2011-08-15,1234-2121-1221-1211,silvia.hermann@example.net
Taren Hayes,+886 1-461-027-3577,Suite 521 448 Wallace Knoll, Hickletown, MA 83107-8481,1939-04-29,1234-2121-1221-1211,lindsey.will@example.org
Miss Hollis Hahn,+55 1-451-193-9642,778 Marion Flat, West Kelvinshire, WV 14456-4093,1934-01-16,1212-1221-1121-1234,dyan@example.com
The Hon. Kerry Mitchell,+685 901-325-7354,80241 Cristina Points, New Jamalfurt, MS 31378,1971-04-29,1211-1221-1234-2201,sylvester.kuhlman@example.com
Chang Auer,+33 (781) 777-4378,20660 Rath Dale, Lake Gilberto, RI 92147-8125,2003-08-20,1228-1221-1221-1431,sharon.torphy@example.com
Grayce Lueilwitz,+31 1-266-910-9822,Apt. 558 9657 Justin Trafficway, Elmerton, SC 21707,1997-08-09,1212-1221-1121-1234,josue.dicki@example.net
Katharyn Leannon,+373 (221) 663-7804,Suite 723 3214 Teofila Inlet, East Sha, KY 89726-6162,1992-07-28,1211-1221-1234-2201,terrance.daniel@example.net
Demarcus Hagenes Jr.,+254 1-580-762-1238,Suite 464 971 Hartmann Manor, North Franklynton, WI 36861,2003-10-25,1211-1221-1234-2201,sharita_gerhold@example.com
Sherman Keeling,+265 (882) 384-3542,Suite 451 168 Verda Fall, Wildermanberg, WA 57038-6143,1968-01-14,1212-1221-1121-1234,cesar@example.com
Lindsay Ernser,+507 (962) 013-8138,325 Casper Creek, Binstown, SD 62314-5297,2019-11-15,1211-1221-1234-2201,dora@example.net
Abbey Schuppe,+599 683.342.7744,Suite 590 43122 Donnelly Track, Frankbury, IA 77206-0252,1991-04-16,1212-1221-1121-1234,eusebio@example.com
Dr. Sydney Fay,+596 (976) 051-0769,11651 Daryl Trafficway, North Edra, UT 79527,2001-04-08,1228-1221-1221-1431,ellsworth_roberts@example.net
Macy Hermiston,+39 (410) 222-7059,Suite 769 16691 Cammy Divide, Pagacbury, PA 11235-5394,1971-10-02,1234-2121-1221-1211,bert.feeney@example.net
Brett Stroman,+505 259-017-5211,Apt. 154 171 Carlie Harbors, West Sammy, MD 90410,2019-11-03,1228-1221-1221-1431,eugene.homenick@example.org
Minh Bode,+971 (413) 281-3978,66528 Kertzmann Lane, North Hillary, HI 19525-0254,1952-05-11,1212-1221-1121-1234,denisha@example.com
Amb. Crystle Walter,+63 (819) 065-1231,Suite 210 12049 Farrell Union, South Arlenville, WI 79349,1945-04-27,1234-2121-1221-1211,tayna@example.org
Tillie Keeling,+963 579.534.6085,24925 Hudson Turnpike, Danastad, LA 98368,2010-01-25,1228-1221-1221-1431,prince@example.org
Britta Schneider,+373 714.437.4300,187 Leuschke Lakes, Port Sidneyfurt, VT 30224,2003-09-08,1228-1221-1221-1431,virginia@example.com
Christen Bahringer,+1-784 888-963-0743,Apt. 136 1606 Tenesha Terrace, Darrelville, OH 18665-8525,2016-11-24,1211-1221-1234-2201,lowell_balistreri@example.org
Buck Aufderhar,+226 409-946-5542,Suite 841 9445 James Extensions, Monicamouth, IN 24573,1992-01-23,1228-1221-1221-1431,devona.wintheiser@example.com
Jewell Raynor,+809 107.591.1879,980 Contessa Shores, Bernardoport, FL 20097,1979-07-02,1212-1221-1121-1234,leland.lesch@example.org
Robin VonRueden,+688 1-963-502-7720,4649 Bode Rapid, McKenziefort, MD 81433,1964-08-12,1211-1221-1234-2201,martin@example.net
Clarine Thompson,+64 647.227.0918,16439 Schowalter Street, West Yvettebury, NC 18609-6628,1983-12-12,1211-1221-1234-2201,julie_farrell@example.com
Augustine Bergnaum VM,+7-7 1-788-144-5890,6669 Dwain Inlet, Port Daniel, UT 69305-3643,1949-01-11,1228-1221-1221-1431,jonah_bradtke@example.com
Madeline Muller,+251 1-312-236-8315,Suite 304 12789 Ariel Skyway, Port Estella, ME 65096,1970-04-19,1228-1221-1221-1431,ann@example.org
Joseph Gutmann VM,+64 (356) 587-2430,Suite 134 20103 Donnelly Expressway, Lake Ted, MT 77426-9382,1935-12-14,1228-1221-1221-1431,sasha.waelchi@example.net
Rolf Zboncak,+61 962.403.7456,9145 Arturo Curve, Armstrongfurt, OH 34090,1976-12-12,1212-1221-1121-1234,kristine@example.org
Ellie Erdman,+975 1-130-825-3985,133 Roberto Dam, New Vernaville, CO 63505-6823,2014-05-17,1211-1221-1234-2201,lewis@example.org
Zack Kirlin,+7 (244) 866-3581,Apt. 579 9192 Donnette Ford, Port Karissa, WY 30388-4886,1971-10-25,1228-1221-1221-1431,thurman_oberbrunner@example.org
Zelma Hickle,+853 810-964-5465,5959 Alva Radial, Sipesburgh, OH 39174-3070,2018-04-20,1211-1221-1234-2201,dewayne.runte@example.com
Shanda Shanahan,+352 545-438-9863,Suite 719 546 Machelle Square, South Majorport, MO 77860-0331,2004-05-13,1228-1221-1221-1431,john@example.net
Amb. Zada Smith,+7-7 374.519.1912,Suite 922 619 Marine Harbors, West Broderickbury, NY 86520,1961-01-17,1212-1221-1121-1234,meaghan@example.net
Aurelio Reichert,+216 (988) 048-9324,Suite 625 178 Huel Field, West Michael, WV 62673,2005-05-27,1234-2121-1221-1211,chester@example.com
Agatha Kautzer,+94 (923) 152-4940,767 Streich Village, Laelmouth, VA 70172,1998-08-18,1228-1221-1221-1431,ivonne@example.net
The Hon. Arturo Harvey,+255 (393) 173-6888,9238 Kuhn Gateway, North Zandrahaven, HI 12137-6634,1955-07-01,1234-2121-1221-1211,raleigh_hammes@example.com
Isaura Emmerich,+39 (848) 624-2497,828 Becker Causeway, North Eugene, AK 91691,2005-08-05,1228-1221-1221-1431,lupe.schamberger@example.net
Mr. Jerome Weber,+595 (696) 654-7927,Apt. 579 336 Stiedemann Shoals, Beattyside, MD 75910,1970-01-08,1234-2121-1221-1211,wei.jenkins@example.org
Fr. Kyle Cassin,+1-784 1-105-685-7115,Suite 781 75321 Hassan Overpass, North Karl, VA 38390,1997-09-02,1228-1221-1221-1431,jacquiline@example.net
Karri Roob,+1 (679) 658-8508,25698 Legros Courts, East Ashleystad, IN 28518-4666,1961-11-18,1211-1221-1234-2201,emelda@example.net
Kai Schuster,+597 (167) 205-8043,180 Petrina Fort, Trudyview, UT 06883,1935-10-21,1234-2121-1221-1211,ervin@example.org
Elyse Jerde,+213 1-606-475-9610,Suite 955 3639 Daniel Corners, West Judson, WA 36402-3620,1964-02-24,1211-1221-1234-2201,tequila@example.net
Rory Dach,+93 464-643-8281,661 Mosciski Garden, Patiencetown, AZ 83072,1991-06-25,1228-1221-1221-1431,carroll_smith@example.net
Marcos Hessel,+976 938.414.6051,823 Ivory Stream, Port Lymanborough, KY 10669,1950-09-29,1228-1221-1221-1431,leslie@example.net
Zaida Mitchell,+1-684 676.741.1552,Apt. 676 68081 Perry Underpass, Lake Zeldafort, SC 72602,1959-03-10,1228-1221-1221-1431,christian.williamson@example.net
Rep. Norbert Rosenbaum,+1-649 832.979.1730,5226 Lesley Oval, Leenastad, DE 54607,1988-07-10,1212-1221-1121-1234,nancy@example.net
Jamee Simonis,+7 (848) 504-2037,Apt. 897 602 Bode Manors, West Roryhaven, NY 74769-3653,1947-01-20,1212-1221-1121-1234,brady@example.org
Margarett Bernhard JD,+265 886.156.6000,316 Lashandra Lodge, Port Hyemouth, NY 01867,1941-03-08,1212-1221-1121-1234,jere@example.com
Ms. Hubert Medhurst,+56 591-846-2942,Suite 316 9360 Wai Terrace, North Roosevelt, AR 68067,1934-03-13,1234-2121-1221-1211,lindsay@example.com
Terrence Huel,+506 1-373-909-4325,Apt. 488 31160 Kemmer Club, Bartelltown, NC 33349-5009,1967-07-05,1212-1221-1121-1234,arica.swift@example.com
Rogelio Nader CPA,+960 167-934-7030,36549 Wisoky Unions, Rubenview, DE 30367-5762,2020-04-20,1212-1221-1121-1234,ardis@example.net
Andreas Gorczany,+685 755.088.7847,Suite 861 99434 Armstrong Forge, New Donnshire, RI 97543-7843,1945-08-08,1234-2121-1221-1211,josue@example.com
Nick Flatley,+56 837-330-0367,Apt. 302 76075 Rempel Dam, Malcomville, NH 25936,2020-08-03,1234-2121-1221-1211,connie@example.com
Mrs. Cristopher Hermiston,+886 1-962-113-9513,8750 Lindsey Island, East Wilfredmouth, WI 21592,1959-07-09,1211-1221-1234-2201,kenton@example.com
Jerrie Bogan,+420 403-518-4890,Suite 921 3604 Hagenes Mission, East Thad, CO 42384,2017-08-06,1234-2121-1221-1211,jeff@example.com
Stefan Gorczany III,+855 1-633-067-3580,Apt. 894 42426 Avis Field, Port Mireya, MI 22254,1987-07-03,1228-1221-1221-1431,anja.osinski@example.org
France Doyle,+963 141.300.2584,Suite 750 8226 Kemmer Creek, Haleychester, AK 21878,2020-01-17,1234-2121-1221-1211,gita@example.org
Rosalinda Simonis,+44 546-849-6861,5177 Runolfsdottir Pike, Dickenshaven, NE 63439,1947-04-14,1228-1221-1221-1431,steven@example.net
Sheilah Kilback MD,+595 (531) 114-0972,Suite 576 508 Quincy Villages, Lake Constance, WY 02757,1949-01-01,1228-1221-1221-1431,broderick@example.org
Shana Bogisich,+960 587.200.9826,1668 Schuppe Summit, Lindhaven, NY 51863,1981-01-27,1212-1221-1121-1234,wm.ruecker@example.net
Frieda Hickle V,+240 749-523-4583,Suite 674 79872 Fay Route, Langtown, KY 58232-5602,1932-05-15,1228-1221-1221-1431,laurence_kuhic@example.com
Daren Monahan,+225 1-900-006-3286,310 Predovic Burgs, Peggybury, NV 55336-9646,1966-07-05,1228-1221-1221-1431,mozell@example.com
Valeri Bashirian VM,+1-340 477-284-0474,595 Veum Walk, New Novellaview, PA 94488,1947-01-13,1228-1221-1221-1431,monet@example.net
Allyn Boyer,+54 1-687-549-9970,8125 Lincoln Cape, Port Kristelmouth, LA 61434,1932-08-12,1234-2121-1221-1211,antone@example.org
Antony Waelchi,+1-784 303-566-2800,Suite 205 2580 Daniel Green, Shieldsborough, AK 04024-3224,1998-03-31,1228-1221-1221-1431,eddie.dach@example.net
Liza Shanahan,+222 885.951.6638,Suite 550 1483 Beer Haven, Prohaskaland, NE 63849-7343,2010-09-12,1212-1221-1121-1234,jordon@example.net
Adina Lubowitz,+376 1-469-738-0651,1549 Turcotte Bridge, Marcoside, ID 92068-1833,1981-01-26,1234-2121-1221-1211,parker@example.net
Maryrose Ebert,+692 1-154-914-5660,Suite 501 370 Ruecker Walks, East Arnulfoshire, MS 67273-5547,1965-11-23,1211-1221-1234-2201,maritza.kihn@example.org
Margarito Schamberger,+500 (978) 211-3438,94885 Wyatt Valleys, Rogahnmouth, LA 75469-9559,1977-03-03,1234-2121-1221-1211,fausto@example.org
Miss Magaly Tillman,+81 749.412.8353,Suite 928 8017 D'Amore Green, Rolfsonchester, LA 29504-9581,1968-06-14,1212-1221-1121-1234,leonard.pacocha@example.org
Yvette Lubowitz,+420 (593) 920-9668,Apt. 977 56333 Welch Plains, Bartonfort, OR 27198,2015-12-02,1212-1221-1121-1234,jarod@example.org
Donn Bruen,+686 (143) 681-6469,91812 Schoen Track, Port Corrinneberg, MT 87496,1942-06-17,1211-1221-1234-2201,roselia.connelly@example.com
Corene Hilpert,+677 (648) 777-5299,Suite 143 3505 Fritsch Ramp, Micahaven, HI 82157,1970-02-28,1212-1221-1121-1234,fred.tromp@example.net
Pasquale Mann,+356 1-842-486-7221,Apt. 526 201 Marilyn Mission, Priceville, DE 61719,1955-02-12,1211-1221-1234-2201,adan@example.com
Loan Beier,+36 (715) 989-4549,86778 Joetta Ford, Floydbury, LA 48055,1996-01-25,1212-1221-1121-1234,perry.mueller@example.org
Mike Bernier,+962 (144) 925-1974,376 Yost Knoll, Beckerside, NM 17134,1979-09-20,1234-2121-1221-1211,danilo.wehner@example.com
Shad Smith Jr.,+81 456.058.2954,Apt. 693 3492 Hayes Crossing, Port Janettaville, AR 22499-8081,1981-02-04,1234-2121-1221-1211,candy_cummings@example.com
Altha Legros,+65 (796) 064-6656,Apt. 516 98831 Eldridge Common, South Contessaton, CT 22707,1969-10-11,1212-1221-1121-1234,leon@example.org
Wilburn O'Reilly,+266 1-453-534-7710,Suite 854 4969 Abshire Pass, Wittingshire, MI 85145,1979-10-15,1212-1221-1121-1234,fritz@example.net